x-axis,1
second,Volt
-10.00000E-03,-131.90952E-03
-9.97500E-03,-131.90952E-03
-9.95000E-03,-229.19093E-03
-9.92500E-03,-131.90952E-03
-9.90000E-03,-326.47235E-03
-9.87500E-03,-131.90952E-03
-9.85000E-03,-131.90952E-03
-9.82500E-03,-131.90952E-03
-9.80000E-03,-131.90952E-03
-9.77500E-03,-268.16834E-03
-9.75000E-03,-131.90952E-03
-9.72500E-03,-131.90952E-03
-9.70000E-03,-313.58794E-03
-9.67500E-03,-131.90952E-03
-9.65000E-03,-131.90952E-03
-9.62500E-03,-306.82154E-03
-9.60000E-03,-131.90952E-03
-9.57500E-03,-332.91455E-03
-9.55000E-03,-131.90952E-03
-9.52500E-03,-131.90952E-03
-9.50000E-03,-131.90952E-03
-9.47500E-03,-131.90952E-03
-9.45000E-03,-131.90952E-03
-9.42500E-03,-145.11812E-03
-9.40000E-03,-131.90952E-03
-9.37500E-03,-131.90952E-03
-9.35000E-03,-131.90952E-03
-9.32500E-03,-131.90952E-03
-9.30000E-03,-131.90952E-03
-9.27500E-03,-131.90952E-03
-9.25000E-03,-131.90952E-03
-9.22500E-03,-131.90952E-03
-9.20000E-03,+17.55790E-03
-9.17500E-03,-131.90952E-03
-9.15000E-03,-131.90952E-03
-9.12500E-03,-131.90952E-03
-9.10000E-03,-131.90952E-03
-9.07500E-03,-131.90952E-03
-9.05000E-03,-131.90952E-03
-9.02500E-03,-131.90952E-03
-9.00000E-03,-131.90952E-03
-8.97500E-03,-131.90952E-03
-8.95000E-03,+36.23610E-03
-8.92500E-03,-131.90952E-03
-8.90000E-03,-131.90952E-03
-8.87500E-03,-131.90952E-03
-8.85000E-03,-158.32672E-03
-8.82500E-03,-106.46492E-03
-8.80000E-03,-131.90952E-03
-8.77500E-03,-131.90952E-03
-8.75000E-03,-131.90952E-03
-8.72500E-03,-131.90952E-03
-8.70000E-03,-215.65813E-03
-8.67500E-03,-131.90952E-03
-8.65000E-03,-131.90952E-03
-8.62500E-03,-294.58554E-03
-8.60000E-03,-131.90952E-03
-8.57500E-03,-131.90952E-03
-8.55000E-03,-131.90952E-03
-8.52500E-03,-131.90952E-03
-8.50000E-03,-131.90952E-03
-8.47500E-03,-131.90952E-03
-8.45000E-03,-131.90952E-03
-8.42500E-03,-131.90952E-03
-8.40000E-03,-131.90952E-03
-8.37500E-03,-85.84151E-03
-8.35000E-03,-131.90952E-03
-8.32500E-03,-131.90952E-03
-8.30000E-03,-241.42693E-03
-8.27500E-03,-293.28874E-03
-8.25000E-03,-131.90952E-03
-8.22500E-03,-196.00733E-03
-8.20000E-03,-131.90952E-03
-8.17500E-03,-131.90952E-03
-8.15000E-03,-131.90952E-03
-8.12500E-03,-61.36951E-03
-8.10000E-03,-9.50771E-03
-8.07500E-03,-158.65093E-03
-8.05000E-03,-131.90952E-03
-8.02500E-03,-131.90952E-03
-8.00000E-03,-131.90952E-03
-7.97500E-03,-131.90952E-03
-7.95000E-03,-131.90952E-03
-7.92500E-03,-131.90952E-03
-7.90000E-03,-131.90952E-03
-7.87500E-03,-131.90952E-03
-7.85000E-03,-131.90952E-03
-7.82500E-03,-221.77613E-03
-7.80000E-03,-131.90952E-03
-7.77500E-03,-131.90952E-03
-7.75000E-03,-131.90952E-03
-7.72500E-03,-131.90952E-03
-7.70000E-03,-131.90952E-03
-7.67500E-03,+68.12290E-03
-7.65000E-03,-131.90952E-03
-7.62500E-03,-131.90952E-03
-7.60000E-03,-131.90952E-03
-7.57500E-03,-131.90952E-03
-7.55000E-03,-131.90952E-03
-7.52500E-03,-241.10273E-03
-7.50000E-03,-253.01453E-03
-7.47500E-03,-119.99772E-03
-7.45000E-03,-131.90952E-03
-7.42500E-03,-131.90952E-03
-7.40000E-03,-131.90952E-03
-7.37500E-03,-314.56055E-03
-7.35000E-03,-131.90952E-03
-7.32500E-03,-131.90952E-03
-7.30000E-03,-305.84894E-03
-7.27500E-03,-131.90952E-03
-7.25000E-03,-208.56753E-03
-7.22500E-03,-131.90952E-03
-7.20000E-03,-131.90952E-03
-7.17500E-03,-131.90952E-03
-7.15000E-03,-131.90952E-03
-7.12500E-03,-131.90952E-03
-7.10000E-03,-131.90952E-03
-7.07500E-03,-131.90952E-03
-7.05000E-03,-131.90952E-03
-7.02500E-03,-191.51033E-03
-7.00000E-03,-131.90952E-03
-6.97500E-03,-131.90952E-03
-6.95000E-03,-131.90952E-03
-6.92500E-03,-131.90952E-03
-6.90000E-03,-133.20632E-03
-6.87500E-03,-131.90952E-03
-6.85000E-03,-33.33130E-03
-6.82500E-03,-131.90952E-03
-6.80000E-03,-126.76412E-03
-6.77500E-03,-131.90952E-03
-6.75000E-03,-131.90952E-03
-6.72500E-03,-131.90952E-03
-6.70000E-03,-321.32695E-03
-6.67500E-03,-131.90952E-03
-6.65000E-03,-247.22073E-03
-6.62500E-03,-131.90952E-03
-6.60000E-03,-131.90952E-03
-6.57500E-03,-131.90952E-03
-6.55000E-03,-131.90952E-03
-6.52500E-03,-131.90952E-03
-6.50000E-03,-131.90952E-03
-6.47500E-03,-131.90952E-03
-6.45000E-03,-131.90952E-03
-6.42500E-03,-152.85713E-03
-6.40000E-03,-131.90952E-03
-6.37500E-03,-131.90952E-03
-6.35000E-03,-131.90952E-03
-6.32500E-03,-146.41493E-03
-6.30000E-03,-131.90952E-03
-6.27500E-03,-131.90952E-03
-6.25000E-03,+9.17049E-03
-6.22500E-03,-131.90952E-03
-6.20000E-03,-131.90952E-03
-6.17500E-03,-26.56490E-03
-6.15000E-03,-131.90952E-03
-6.12500E-03,-131.90952E-03
-6.10000E-03,-131.90952E-03
-6.07500E-03,-131.90952E-03
-6.05000E-03,-131.90952E-03
-6.02500E-03,-131.90952E-03
-6.00000E-03,-131.90952E-03
-5.97500E-03,-131.90952E-03
-5.95000E-03,-172.50793E-03
-5.92500E-03,-131.90952E-03
-5.90000E-03,-131.90952E-03
-5.87500E-03,-16.92251E-03
-5.85000E-03,-131.90952E-03
-5.82500E-03,-131.90952E-03
-5.80000E-03,-471.90E-06
-5.77500E-03,-131.90952E-03
-5.75000E-03,-131.90952E-03
-5.72500E-03,-156.05732E-03
-5.70000E-03,-131.90952E-03
-5.67500E-03,-131.90952E-03
-5.65000E-03,-131.90952E-03
-5.62500E-03,-131.90952E-03
-5.60000E-03,-131.90952E-03
-5.57500E-03,-332.91455E-03
-5.55000E-03,-131.90952E-03
-5.52500E-03,-131.90952E-03
-5.50000E-03,-131.90952E-03
-5.47500E-03,-272.66533E-03
-5.45000E-03,-131.90952E-03
-5.42500E-03,+25.62111E-03
-5.40000E-03,-237.57834E-03
-5.37500E-03,-131.90952E-03
-5.35000E-03,-131.90952E-03
-5.32500E-03,-131.90952E-03
-5.30000E-03,-131.90952E-03
-5.27500E-03,-131.90952E-03
-5.25000E-03,+64.59851E-03
-5.22500E-03,-131.90952E-03
-5.20000E-03,-39.12510E-03
-5.17500E-03,-131.90952E-03
-5.15000E-03,-131.90952E-03
-5.12500E-03,-194.71052E-03
-5.10000E-03,-131.90952E-03
-5.07500E-03,-131.90952E-03
-5.05000E-03,-114.52812E-03
-5.02500E-03,-131.90952E-03
-5.00000E-03,-131.90952E-03
-4.97500E-03,-131.90952E-03
-4.95000E-03,-131.90952E-03
-4.92500E-03,-131.90952E-03
-4.90000E-03,-131.90952E-03
-4.87500E-03,-131.90952E-03
-4.85000E-03,-131.90952E-03
-4.82500E-03,-131.90952E-03
-4.80000E-03,-131.90952E-03
-4.77500E-03,-131.90952E-03
-4.75000E-03,-95.20152E-03
-4.72500E-03,-131.90952E-03
-4.70000E-03,-71.33610E-03
-4.67500E-03,-131.90952E-03
-4.65000E-03,-131.90952E-03
-4.62500E-03,-131.90952E-03
-4.60000E-03,-131.90952E-03
-4.57500E-03,-131.90952E-03
-4.55000E-03,-131.90952E-03
-4.52500E-03,-131.90952E-03
-4.50000E-03,-131.90952E-03
-4.47500E-03,-131.90952E-03
-4.45000E-03,-131.90952E-03
-4.42500E-03,-225.01814E-03
-4.40000E-03,+27.84869E-03
-4.37500E-03,-322.29955E-03
-4.35000E-03,-69.43272E-03
-4.32500E-03,-131.90952E-03
-4.30000E-03,-131.90952E-03
-4.27500E-03,-131.90952E-03
-4.25000E-03,-263.99555E-03
-4.22500E-03,-131.90952E-03
-4.20000E-03,-131.90952E-03
-4.17500E-03,-131.90952E-03
-4.15000E-03,-131.90952E-03
-4.12500E-03,-131.90952E-03
-4.10000E-03,-131.90952E-03
-4.07500E-03,-131.90952E-03
-4.05000E-03,-131.90952E-03
-4.02500E-03,-131.90952E-03
-4.00000E-03,+53.61750E-03
-3.97500E-03,+32.71171E-03
-3.95000E-03,-131.90952E-03
-3.92500E-03,+8.19789E-03
-3.90000E-03,-131.90952E-03
-3.87500E-03,-16.55649E-03
-3.85000E-03,-131.90952E-03
-3.82500E-03,-131.90952E-03
-3.80000E-03,-131.90952E-03
-3.77500E-03,-131.90952E-03
-3.75000E-03,-131.90952E-03
-3.72500E-03,-131.90952E-03
-3.70000E-03,-131.90952E-03
-3.67500E-03,-131.90952E-03
-3.65000E-03,-131.90952E-03
-3.62500E-03,-131.90952E-03
-3.60000E-03,-142.20031E-03
-3.57500E-03,-131.90952E-03
-3.55000E-03,-131.90952E-03
-3.52500E-03,-131.90952E-03
-3.50000E-03,-131.90952E-03
-3.47500E-03,-131.90952E-03
-3.45000E-03,-131.90952E-03
-3.42500E-03,+40.40889E-03
-3.40000E-03,-131.90952E-03
-3.37500E-03,-5.94149E-03
-3.35000E-03,-131.90952E-03
-3.32500E-03,-131.90952E-03
-3.30000E-03,-131.90952E-03
-3.27500E-03,-131.90952E-03
-3.25000E-03,-131.90952E-03
-3.22500E-03,-131.90952E-03
-3.20000E-03,-131.90952E-03
-3.17500E-03,-131.90952E-03
-3.15000E-03,-131.90952E-03
-3.12500E-03,-131.90952E-03
-3.10000E-03,-131.90952E-03
-3.07500E-03,-131.90952E-03
-3.05000E-03,-186.68914E-03
-3.02500E-03,-131.90952E-03
-3.00000E-03,-131.90952E-03
-2.97500E-03,-131.90952E-03
-2.95000E-03,-131.90952E-03
-2.92500E-03,-131.90952E-03
-2.90000E-03,-187.29572E-03
-2.87500E-03,-131.90952E-03
-2.85000E-03,-173.80474E-03
-2.82500E-03,-131.90952E-03
-2.80000E-03,-70.08112E-03
-2.77500E-03,-131.90952E-03
-2.75000E-03,-131.90952E-03
-2.72500E-03,-148.31831E-03
-2.70000E-03,-131.90952E-03
-2.67500E-03,-131.90952E-03
-2.65000E-03,-102.89871E-03
-2.62500E-03,-131.90952E-03
-2.60000E-03,-131.90952E-03
-2.57500E-03,-131.90952E-03
-2.55000E-03,-131.90952E-03
-2.52500E-03,-131.90952E-03
-2.50000E-03,-131.90952E-03
-2.47500E-03,-131.90952E-03
-2.45000E-03,-131.90952E-03
-2.42500E-03,-131.90952E-03
-2.40000E-03,-131.90952E-03
-2.37500E-03,-70.36350E-03
-2.35000E-03,-131.90952E-03
-2.32500E-03,-131.90952E-03
-2.30000E-03,-131.90952E-03
-2.27500E-03,-131.90952E-03
-2.25000E-03,-131.90952E-03
-2.22500E-03,-131.90952E-03
-2.20000E-03,-131.90952E-03
-2.17500E-03,-131.90952E-03
-2.15000E-03,-131.90952E-03
-2.12500E-03,-131.90952E-03
-2.10000E-03,-131.90952E-03
-2.07500E-03,-131.90952E-03
-2.05000E-03,-131.90952E-03
-2.02500E-03,-131.90952E-03
-2.00000E-03,-131.90952E-03
-1.97500E-03,-131.90952E-03
-1.95000E-03,-115.82493E-03
-1.92500E-03,-131.90952E-03
-1.90000E-03,-50.71270E-03
-1.87500E-03,-131.90952E-03
-1.85000E-03,-131.90952E-03
-1.82500E-03,-131.90952E-03
-1.80000E-03,-131.90952E-03
-1.77500E-03,-131.90952E-03
-1.75000E-03,-131.90952E-03
-1.72500E-03,-131.90952E-03
-1.70000E-03,-264.60213E-03
-1.67500E-03,-148.36013E-03
-1.65000E-03,-131.90952E-03
-1.62500E-03,-131.90952E-03
-1.60000E-03,-131.90952E-03
-1.57500E-03,+59.08709E-03
-1.55000E-03,-131.90952E-03
-1.52500E-03,-24.61969E-03
-1.50000E-03,-131.90952E-03
-1.47500E-03,-131.90952E-03
-1.45000E-03,-131.90952E-03
-1.42500E-03,-131.90952E-03
-1.40000E-03,-131.90952E-03
-1.37500E-03,-134.78551E-03
-1.35000E-03,-131.90952E-03
-1.32500E-03,-131.90952E-03
-1.30000E-03,+69.09551E-03
-1.27500E-03,+59.77732E-03
-1.25000E-03,-131.90952E-03
-1.22500E-03,-219.87274E-03
-1.20000E-03,+32.99409E-03
-1.17500E-03,-131.90952E-03
-1.15000E-03,-131.90952E-03
-1.12500E-03,-131.90952E-03
-1.10000E-03,-131.90952E-03
-1.07500E-03,-131.90952E-03
-1.05000E-03,-57.84512E-03
-1.02500E-03,-131.90952E-03
-1.00000E-03,+45.87849E-03
-975.00E-06,-131.90952E-03
-950.00E-06,-51.40292E-03
-925.00E-06,-131.90952E-03
-900.00E-06,-131.90952E-03
-875.00E-06,-166.99651E-03
-850.00E-06,-245.96575E-03
-825.00E-06,-194.10394E-03
-800.00E-06,-523.58696E-03
-775.00E-06,-734.92460E-03
-750.00E-06,-1.04354365E+00
-725.00E-06,-1.13693465E+00
-700.00E-06,-1.33793968E+00
-675.00E-06,-1.13693465E+00
-650.00E-06,-1.03576283E+00
-625.00E-06,-734.92460E-03
-600.00E-06,-533.91957E-03
-575.00E-06,-131.90952E-03
-550.00E-06,+69.09551E-03
-525.00E-06,+111.96333E-03
-500.00E-06,+270.10053E-03
-475.00E-06,+209.24474E-03
-450.00E-06,-131.90952E-03
-425.00E-06,-497.49395E-03
-400.00E-06,-920.49344E-03
-375.00E-06,-1.20423265E+00
-350.00E-06,-1.41978490E+00
-325.00E-06,-1.94095476E+00
-300.00E-06,-2.16383818E+00
-275.00E-06,-2.94597989E+00
-250.00E-06,-3.34798995E+00
-225.00E-06,-3.57253619E+00
-200.00E-06,-2.94597989E+00
-175.00E-06,-2.14195979E+00
-150.00E-06,-734.92460E-03
-125.00E-06,+655.01157E-03
-100.00E-06,+1.67713572E+00
-75.00E-06,+2.07914577E+00
-50.00E-06,+1.67713572E+00
-25.00E-06,+682.76740E-03
+0.0E+00,-374.11954E-03
+25.00E-06,-1.55381614E+00
+50.00E-06,-2.19803621E+00
+75.00E-06,-2.74497487E+00
+100.00E-06,-2.89833270E+00
+125.00E-06,-2.64546587E+00
+150.00E-06,-2.14195979E+00
+175.00E-06,-1.73994973E+00
+200.00E-06,-1.73994973E+00
+225.00E-06,-1.84590093E+00
+250.00E-06,-1.53894471E+00
+275.00E-06,-1.33793968E+00
+300.00E-06,-935.92963E-03
+325.00E-06,-220.52115E-03
+350.00E-06,+471.10556E-03
+375.00E-06,+1.27512567E+00
+400.00E-06,+1.87814075E+00
+425.00E-06,+2.36232023E+00
+450.00E-06,+2.51146345E+00
+475.00E-06,+2.68216085E+00
+500.00E-06,+2.28015080E+00
+525.00E-06,+1.47613069E+00
+550.00E-06,+672.11059E-03
+575.00E-06,-131.90952E-03
+600.00E-06,-734.92460E-03
+625.00E-06,-1.33793968E+00
+650.00E-06,-1.53894471E+00
+675.00E-06,-1.53894471E+00
+700.00E-06,-1.22323505E+00
+725.00E-06,-1.07409183E+00
+750.00E-06,-1.13693465E+00
+775.00E-06,-1.13693465E+00
+800.00E-06,-1.04419206E+00
+825.00E-06,-935.92963E-03
+850.00E-06,-734.92460E-03
+875.00E-06,-734.92460E-03
+900.00E-06,-533.91957E-03
+925.00E-06,-533.91957E-03
+950.00E-06,-332.91455E-03
+975.00E-06,-131.90952E-03
+1.00000E-03,+164.47354E-03
+1.02500E-03,+672.11059E-03
+1.05000E-03,+1.07412064E+00
+1.07500E-03,+1.53633809E+00
+1.10000E-03,+1.67713572E+00
+1.12500E-03,+1.07412064E+00
+1.15000E-03,-117.12173E-03
+1.17500E-03,-1.13693465E+00
+1.20000E-03,-2.05946616E+00
+1.22500E-03,-2.37359663E+00
+1.25000E-03,-2.54396984E+00
+1.27500E-03,-2.54396984E+00
+1.30000E-03,-2.34296481E+00
+1.32500E-03,-1.56313433E+00
+1.35000E-03,-1.10926247E+00
+1.37500E-03,-454.38558E-03
+1.40000E-03,-332.91455E-03
+1.42500E-03,-332.91455E-03
+1.45000E-03,-533.91957E-03
+1.47500E-03,-1.13693465E+00
+1.50000E-03,-1.73994973E+00
+1.52500E-03,-2.34296481E+00
+1.55000E-03,-2.74497487E+00
+1.57500E-03,-2.85356150E+00
+1.60000E-03,-2.74497487E+00
+1.62500E-03,-2.34296481E+00
+1.65000E-03,-1.73994973E+00
+1.67500E-03,-935.92963E-03
+1.70000E-03,-131.90952E-03
+1.72500E-03,+271.67972E-03
+1.75000E-03,+873.11561E-03
+1.77500E-03,+1.07412064E+00
+1.80000E-03,+1.07412064E+00
+1.82500E-03,+680.13197E-03
+1.85000E-03,+329.98373E-03
+1.87500E-03,-243.65452E-03
+1.90000E-03,-935.92963E-03
+1.92500E-03,-1.33793968E+00
+1.95000E-03,-1.13693465E+00
+1.97500E-03,-616.73740E-03
+2.00000E-03,+471.10556E-03
+2.02500E-03,+1.49703648E+00
+2.05000E-03,+2.35291839E+00
+2.07500E-03,+2.55753145E+00
+2.10000E-03,+2.48115583E+00
+2.12500E-03,+1.87814075E+00
+2.15000E-03,+1.07412064E+00
+2.17500E-03,+69.09551E-03
+2.20000E-03,-533.91957E-03
+2.22500E-03,-1.17072484E+00
+2.25000E-03,-1.33793968E+00
+2.27500E-03,-1.13693465E+00
+2.30000E-03,-734.92460E-03
+2.32500E-03,-131.90952E-03
+2.35000E-03,+379.01137E-03
+2.37500E-03,+729.15961E-03
+2.40000E-03,+1.26993845E+00
+2.42500E-03,+1.12079523E+00
+2.45000E-03,+770.64698E-03
+2.47500E-03,+119.70233E-03
+2.50000E-03,-332.91455E-03
+2.52500E-03,-681.80781E-03
+2.55000E-03,-935.92963E-03
+2.57500E-03,-1.09277003E+00
+2.60000E-03,-935.92963E-03
+2.62500E-03,-675.36561E-03
+2.65000E-03,-221.49375E-03
+2.67500E-03,+106.81793E-03
+2.70000E-03,+471.10556E-03
+2.72500E-03,+672.11059E-03
+2.75000E-03,+755.25262E-03
+2.77500E-03,+502.38578E-03
+2.80000E-03,+89.67709E-03
+2.82500E-03,-533.91957E-03
+2.85000E-03,-1.01262945E+00
+2.87500E-03,-1.51410668E+00
+2.90000E-03,-1.56596849E+00
+2.92500E-03,-1.61783030E+00
+2.95000E-03,-1.40819731E+00
+2.97500E-03,-1.13693465E+00
+3.00000E-03,-734.92460E-03
+3.02500E-03,-448.59178E-03
+3.05000E-03,-195.72495E-03
+3.07500E-03,-143.86314E-03
+3.10000E-03,-293.00636E-03
+3.12500E-03,-442.14958E-03
+3.15000E-03,-533.91957E-03
+3.17500E-03,-533.91957E-03
+3.20000E-03,-332.91455E-03
+3.22500E-03,-332.91455E-03
+3.25000E-03,-131.90952E-03
+3.27500E-03,+69.09551E-03
+3.30000E-03,+270.10053E-03
+3.32500E-03,+270.10053E-03
+3.35000E-03,+270.10053E-03
+3.37500E-03,+277.47352E-03
+3.40000E-03,+270.10053E-03
+3.42500E-03,+270.10053E-03
+3.45000E-03,+69.09551E-03
+3.47500E-03,+69.09551E-03
+3.50000E-03,+69.09551E-03
+3.52500E-03,+69.09551E-03
+3.55000E-03,+69.09551E-03
+3.57500E-03,+69.09551E-03
+3.60000E-03,+69.09551E-03
+3.62500E-03,+270.10053E-03
+3.65000E-03,+69.09551E-03
+3.67500E-03,+69.09551E-03
+3.70000E-03,+270.10053E-03
+3.72500E-03,+199.51871E-03
+3.75000E-03,-113.18950E-03
+3.77500E-03,+35.95372E-03
+3.80000E-03,-46.90593E-03
+3.82500E-03,-131.90952E-03
+3.85000E-03,+69.09551E-03
+3.87500E-03,+69.09551E-03
+3.90000E-03,+69.09551E-03
+3.92500E-03,+69.09551E-03
+3.95000E-03,+69.09551E-03
+3.97500E-03,+23.06932E-03
+4.00000E-03,-34.02153E-03
+4.02500E-03,+17.84028E-03
+4.05000E-03,+68.48893E-03
+4.07500E-03,-131.90952E-03
+4.10000E-03,-27.57933E-03
+4.12500E-03,-87.09649E-03
+4.15000E-03,-124.86074E-03
+4.17500E-03,-72.99893E-03
+4.20000E-03,+69.09551E-03
+4.22500E-03,+69.09551E-03
+4.25000E-03,+69.09551E-03
+4.27500E-03,+3.74272E-03
+4.30000E-03,+69.09551E-03
+4.32500E-03,+69.09551E-03
+4.35000E-03,+69.09551E-03
+4.37500E-03,-2.69948E-03
+4.40000E-03,+69.09551E-03
+4.42500E-03,+244.61411E-03
+4.45000E-03,+270.10053E-03
+4.47500E-03,+348.33772E-03
+4.50000E-03,+341.00656E-03
+4.52500E-03,+270.10053E-03
+4.55000E-03,+270.10053E-03
+4.57500E-03,+185.42114E-03
+4.60000E-03,+69.09551E-03
+4.62500E-03,+56.49349E-03
+4.65000E-03,-131.90952E-03
+4.67500E-03,-22.02608E-03
+4.70000E-03,-131.90952E-03
+4.72500E-03,-125.74970E-03
+4.75000E-03,+114.79749E-03
+4.77500E-03,+270.10053E-03
+4.80000E-03,+270.10053E-03
+4.82500E-03,+471.10556E-03
+4.85000E-03,+471.10556E-03
+4.87500E-03,+471.10556E-03
+4.90000E-03,+471.10556E-03
+4.92500E-03,+471.10556E-03
+4.95000E-03,+270.10053E-03
+4.97500E-03,+270.10053E-03
+5.00000E-03,+270.10053E-03
+5.02500E-03,+270.10053E-03
+5.05000E-03,+199.15268E-03
+5.07500E-03,+471.10556E-03
+5.10000E-03,+270.10053E-03
+5.12500E-03,+270.10053E-03
+5.15000E-03,+140.56630E-03
+5.17500E-03,+69.09551E-03
+5.20000E-03,+69.09551E-03
+5.22500E-03,-131.90952E-03
+5.25000E-03,-131.90952E-03
+5.27500E-03,-203.13975E-03
+5.30000E-03,-131.90952E-03
+5.32500E-03,-332.91455E-03
+5.35000E-03,-248.55936E-03
+5.37500E-03,-268.12652E-03
+5.40000E-03,-118.98330E-03
+5.42500E-03,-131.90952E-03
+5.45000E-03,+69.09551E-03
+5.47500E-03,+10.74968E-03
+5.50000E-03,+69.09551E-03
+5.52500E-03,-86.53174E-03
+5.55000E-03,-34.66993E-03
+5.57500E-03,-131.90952E-03
+5.60000E-03,+69.09551E-03
+5.62500E-03,-131.90952E-03
+5.65000E-03,+69.09551E-03
+5.67500E-03,+23.63408E-03
+5.70000E-03,+69.09551E-03
+5.72500E-03,-73.64733E-03
+5.75000E-03,+69.09551E-03
+5.77500E-03,+69.09551E-03
+5.80000E-03,-131.90952E-03
+5.82500E-03,-131.90952E-03
+5.85000E-03,-131.90952E-03
+5.87500E-03,-131.90952E-03
+5.90000E-03,-131.90952E-03
+5.92500E-03,-131.90952E-03
+5.95000E-03,-254.91791E-03
+5.97500E-03,-131.90952E-03
+6.00000E-03,-106.18254E-03
+6.02500E-03,-131.90952E-03
+6.05000E-03,-131.90952E-03
+6.07500E-03,-112.21689E-03
+6.10000E-03,-131.90952E-03
+6.12500E-03,-131.90952E-03
+6.15000E-03,-197.02175E-03
+6.17500E-03,-131.90952E-03
+6.20000E-03,-131.90952E-03
+6.22500E-03,-131.90952E-03
+6.25000E-03,-131.90952E-03
+6.27500E-03,-131.90952E-03
+6.30000E-03,-86.85594E-03
+6.32500E-03,+69.09551E-03
+6.35000E-03,+69.09551E-03
+6.37500E-03,+69.46153E-03
+6.40000E-03,+270.10053E-03
+6.42500E-03,+166.74294E-03
+6.45000E-03,+69.09551E-03
+6.47500E-03,+264.02436E-03
+6.50000E-03,+127.03349E-03
+6.52500E-03,+160.30074E-03
+6.55000E-03,+108.43894E-03
+6.57500E-03,+69.09551E-03
+6.60000E-03,+205.72035E-03
+6.62500E-03,+69.09551E-03
+6.65000E-03,+270.10053E-03
+6.67500E-03,+270.10053E-03
+6.70000E-03,+270.10053E-03
+6.72500E-03,+270.10053E-03
+6.75000E-03,+270.10053E-03
+6.77500E-03,+270.10053E-03
+6.80000E-03,+192.83595E-03
+6.82500E-03,+69.09551E-03
+6.85000E-03,+69.09551E-03
+6.87500E-03,+69.09551E-03
+6.90000E-03,+69.09551E-03
+6.92500E-03,+69.09551E-03
+6.95000E-03,+55.52088E-03
+6.97500E-03,+69.09551E-03
+7.00000E-03,-41.76053E-03
+7.02500E-03,+69.09551E-03
+7.05000E-03,-124.77709E-03
+7.07500E-03,+24.36613E-03
+7.10000E-03,-131.90952E-03
+7.12500E-03,-79.35749E-03
+7.15000E-03,-131.90952E-03
+7.17500E-03,-131.90952E-03
+7.20000E-03,-131.90952E-03
+7.22500E-03,-131.90952E-03
+7.25000E-03,-131.90952E-03
+7.27500E-03,-131.90952E-03
+7.30000E-03,-40.38008E-03
+7.32500E-03,+69.09551E-03
+7.35000E-03,+69.09551E-03
+7.37500E-03,+5.03952E-03
+7.40000E-03,-15.99173E-03
+7.42500E-03,-98.68409E-03
+7.45000E-03,+69.09551E-03
+7.47500E-03,-1.40268E-03
+7.50000E-03,+69.09551E-03
+7.52500E-03,+69.09551E-03
+7.55000E-03,+69.09551E-03
+7.57500E-03,-54.96913E-03
+7.60000E-03,-3.10733E-03
+7.62500E-03,+48.75448E-03
+7.65000E-03,-131.90952E-03
+7.67500E-03,-131.90952E-03
+7.70000E-03,-131.90952E-03
+7.72500E-03,-131.90952E-03
+7.75000E-03,+31.13253E-03
+7.77500E-03,-131.90952E-03
+7.80000E-03,-131.90952E-03
+7.82500E-03,-131.90952E-03
+7.85000E-03,-87.50434E-03
+7.87500E-03,+69.09551E-03
+7.90000E-03,+16.21928E-03
+7.92500E-03,-130.89509E-03
+7.95000E-03,-131.90952E-03
+7.97500E-03,-131.90952E-03
+8.00000E-03,+69.09551E-03
+8.02500E-03,-131.90952E-03
+8.05000E-03,-131.90952E-03
+8.07500E-03,-131.90952E-03
+8.10000E-03,-131.90952E-03
+8.12500E-03,-143.77950E-03
+8.15000E-03,-195.64130E-03
+8.17500E-03,-131.90952E-03
+8.20000E-03,-131.90952E-03
+8.22500E-03,-131.90952E-03
+8.25000E-03,+69.09551E-03
+8.27500E-03,-52.94028E-03
+8.30000E-03,-131.90952E-03
+8.32500E-03,-131.90952E-03
+8.35000E-03,-131.90952E-03
+8.37500E-03,-131.90952E-03
+8.40000E-03,-131.90952E-03
+8.42500E-03,-163.10610E-03
+8.45000E-03,-533.91957E-03
+8.47500E-03,-734.92460E-03
+8.50000E-03,-935.92963E-03
+8.52500E-03,-1.33793968E+00
+8.55000E-03,-1.82945032E+00
+8.57500E-03,-2.14195979E+00
+8.60000E-03,-2.34296481E+00
+8.62500E-03,-2.34296481E+00
+8.65000E-03,-2.54396984E+00
+8.67500E-03,-2.74497487E+00
+8.70000E-03,-2.34296481E+00
+8.72500E-03,-1.99147794E+00
+8.75000E-03,-1.73994973E+00
+8.77500E-03,-1.53894471E+00
+8.80000E-03,-1.54404828E+00
+8.82500E-03,-1.73994973E+00
+8.85000E-03,-1.94095476E+00
+8.87500E-03,-1.94095476E+00
+8.90000E-03,-1.73994973E+00
+8.92500E-03,-1.47553712E+00
+8.95000E-03,-935.92963E-03
+8.97500E-03,-701.05077E-03
+9.00000E-03,-332.91455E-03
+9.02500E-03,-754.28E-06
+9.05000E-03,+69.09551E-03
+9.07500E-03,+270.10053E-03
+9.10000E-03,+69.09551E-03
+9.12500E-03,-256.62256E-03
+9.15000E-03,-606.77081E-03
+9.17500E-03,-1.11594522E+00
+9.20000E-03,-1.33793968E+00
+9.22500E-03,-1.62167889E+00
+9.25000E-03,-1.73994973E+00
+9.27500E-03,-1.94095476E+00
+9.30000E-03,-1.94095476E+00
+9.32500E-03,-1.94095476E+00
+9.35000E-03,-2.00092159E+00
+9.37500E-03,-1.94095476E+00
+9.40000E-03,-1.78370651E+00
+9.42500E-03,-1.73994973E+00
+9.45000E-03,-1.59246934E+00
+9.47500E-03,-1.33793968E+00
+9.50000E-03,-935.92963E-03
+9.52500E-03,-533.91957E-03
+9.55000E-03,+69.09551E-03
+9.57500E-03,+274.87991E-03
+9.60000E-03,-131.90952E-03
+9.62500E-03,-1.33793968E+00
+9.65000E-03,-2.50332961E+00
+9.67500E-03,-3.76122157E+00
+9.70000E-03,-4.08892667E+00
+9.72500E-03,-4.03706487E+00
+9.75000E-03,-3.34798995E+00
+9.77500E-03,-2.74497487E+00
+9.80000E-03,-2.14195979E+00
+9.82500E-03,-1.53894471E+00
+9.85000E-03,-935.92963E-03
+9.87500E-03,-911.82365E-03
+9.90000E-03,-609.88735E-03
+9.92500E-03,-1.06375922E+00
+9.95000E-03,-1.33793968E+00
+9.97500E-03,-1.70940156E+00
+10.00000E-03,-1.73994973E+00
+10.02500E-03,-1.53894471E+00
+10.05000E-03,-950.80106E-03
+10.07500E-03,-533.91957E-03
+10.10000E-03,-43.05734E-03
+10.12500E-03,+410.81452E-03
+10.15000E-03,+672.11059E-03
+10.17500E-03,+1.07412064E+00
+10.20000E-03,+1.07412064E+00
+10.22500E-03,+873.11561E-03
+10.25000E-03,+672.11059E-03
+10.27500E-03,+421.23078E-03
+10.30000E-03,+69.09551E-03
+10.32500E-03,+21.68887E-03
+10.35000E-03,+69.09551E-03
+10.37500E-03,-131.90952E-03
+10.40000E-03,-23.73073E-03
+10.42500E-03,-131.90952E-03
+10.45000E-03,+270.10053E-03
+10.47500E-03,+471.10556E-03
+10.50000E-03,+873.11561E-03
+10.52500E-03,+907.63785E-03
+10.55000E-03,+1.07412064E+00
+10.57500E-03,+873.11561E-03
+10.60000E-03,+793.17377E-03
+10.62500E-03,+443.02553E-03
+10.65000E-03,+45.31373E-03
+10.67500E-03,-257.27097E-03
+10.70000E-03,-533.91957E-03
+10.72500E-03,-533.91957E-03
+10.75000E-03,-533.91957E-03
+10.77500E-03,-533.91957E-03
+10.80000E-03,-533.91957E-03
+10.82500E-03,-549.11520E-03
+10.85000E-03,-935.92963E-03
+10.87500E-03,-1.13693465E+00
+10.90000E-03,-1.27732444E+00
+10.92500E-03,-1.33793968E+00
+10.95000E-03,-1.53894471E+00
+10.97500E-03,-1.73994973E+00
+11.00000E-03,-1.99512780E+00
+11.02500E-03,-2.14195979E+00
+11.05000E-03,-2.09240921E+00
+11.07500E-03,-1.94095476E+00
+11.10000E-03,-1.53894471E+00
+11.12500E-03,-1.13280368E+00
+11.15000E-03,-734.92460E-03
+11.17500E-03,-239.76410E-03
+11.20000E-03,+69.09551E-03
+11.22500E-03,+270.10053E-03
+11.25000E-03,+69.09551E-03
+11.27500E-03,+183.39229E-03
+11.30000E-03,+270.10053E-03
+11.32500E-03,+270.10053E-03
+11.35000E-03,+270.10053E-03
+11.37500E-03,+390.83952E-03
+11.40000E-03,+844.71138E-03
+11.42500E-03,+695.56816E-03
+11.45000E-03,+873.11561E-03
+11.47500E-03,+1.00029680E+00
+11.50000E-03,+873.11561E-03
+11.52500E-03,+672.11059E-03
+11.55000E-03,+552.86714E-03
+11.57500E-03,+403.72392E-03
+11.60000E-03,+69.09551E-03
+11.62500E-03,-131.90952E-03
+11.65000E-03,-421.11833E-03
+11.67500E-03,-533.91957E-03
+11.70000E-03,-332.91455E-03
+11.72500E-03,-131.90952E-03
+11.75000E-03,-25.55047E-03
+11.77500E-03,+69.09551E-03
+11.80000E-03,+270.10053E-03
+11.82500E-03,+270.10053E-03
+11.85000E-03,+370.01738E-03
+11.87500E-03,+270.10053E-03
+11.90000E-03,+270.10053E-03
+11.92500E-03,+214.43196E-03
+11.95000E-03,+69.09551E-03
+11.97500E-03,+27.48267E-03
+12.00000E-03,+58.84654E-03
+12.02500E-03,-69.79874E-03
+12.05000E-03,-17.93694E-03
+12.07500E-03,+270.10053E-03
+12.10000E-03,+270.10053E-03
+12.12500E-03,+471.10556E-03
+12.15000E-03,+672.11059E-03
+12.17500E-03,+672.11059E-03
+12.20000E-03,+471.10556E-03
+12.22500E-03,+471.10556E-03
+12.25000E-03,+396.95752E-03
+12.27500E-03,+448.81933E-03
+12.30000E-03,+270.10053E-03
+12.32500E-03,+351.53791E-03
+12.35000E-03,+471.10556E-03
+12.37500E-03,+486.94959E-03
+12.40000E-03,+672.11059E-03
+12.42500E-03,+873.11561E-03
+12.45000E-03,+672.11059E-03
+12.47500E-03,+672.11059E-03
+12.50000E-03,+428.64559E-03
+12.52500E-03,+376.78378E-03
+12.55000E-03,+215.27909E-03
+12.57500E-03,+69.09551E-03
+12.60000E-03,+69.09551E-03
+12.62500E-03,+69.09551E-03
+12.65000E-03,+117.47475E-03
+12.67500E-03,+270.10053E-03
+12.70000E-03,+471.10556E-03
+12.72500E-03,+578.31174E-03
+12.75000E-03,+672.11059E-03
+12.77500E-03,+481.03033E-03
+12.80000E-03,+610.32401E-03
+12.82500E-03,+357.45718E-03
+12.85000E-03,+270.10053E-03
+12.87500E-03,+52.72854E-03
+12.90000E-03,+866.73E-06
+12.92500E-03,-131.90952E-03
+12.95000E-03,-131.90952E-03
+12.97500E-03,+247.29136E-03
+13.00000E-03,+195.42956E-03
+13.02500E-03,+396.63332E-03
+13.05000E-03,+471.10556E-03
+13.07500E-03,+672.11059E-03
+13.10000E-03,+672.11059E-03
+13.12500E-03,+471.10556E-03
+13.15000E-03,+286.26877E-03
+13.17500E-03,+234.40696E-03
+13.20000E-03,-131.90952E-03
+13.22500E-03,-332.91455E-03
+13.25000E-03,-342.64058E-03
+13.27500E-03,-533.91957E-03
+13.30000E-03,-439.92199E-03
+13.32500E-03,-187.05516E-03
+13.35000E-03,-131.90952E-03
+13.37500E-03,+69.09551E-03
+13.40000E-03,-131.90952E-03
+13.42500E-03,+69.09551E-03
+13.45000E-03,+69.09551E-03
+13.47500E-03,+69.09551E-03
+13.50000E-03,-332.91455E-03
+13.52500E-03,-935.92963E-03
+13.55000E-03,-2.73537430E+00
+13.57500E-03,-4.55402011E+00
+13.60000E-03,-6.79071874E+00
+13.62500E-03,-7.77010053E+00
+13.65000E-03,-7.77010053E+00
+13.67500E-03,-6.96608043E+00
+13.70000E-03,-6.04229394E+00
+13.72500E-03,-4.95603016E+00
+13.75000E-03,-4.53153514E+00
+13.77500E-03,-3.75000000E+00
+13.80000E-03,-3.47419853E+00
+13.82500E-03,-3.95100503E+00
+13.85000E-03,-5.35804021E+00
+13.87500E-03,-7.77010053E+00
+13.90000E-03,-9.37814075E+00
+13.92500E-03,-10.78517593E+00
+13.95000E-03,-10.58417091E+00
+13.97500E-03,-9.69291962E+00
+14.00000E-03,-7.36809048E+00
+14.02500E-03,-5.16708542E+00
+14.05000E-03,-3.54899497E+00
+14.07500E-03,-3.54899497E+00
+14.10000E-03,-4.69955529E+00
+14.12500E-03,-5.96105529E+00
+14.15000E-03,-7.77010053E+00
+14.17500E-03,-9.47825633E+00
+14.20000E-03,-10.23118849E+00
+14.22500E-03,-10.38316588E+00
+14.25000E-03,-9.32344477E+00
+14.27500E-03,-7.27364323E+00
+14.30000E-03,-5.35804021E+00
+14.32500E-03,-3.75000000E+00
+14.35000E-03,-2.54396984E+00
+14.37500E-03,-1.94095476E+00
+14.40000E-03,-1.53894471E+00
+14.42500E-03,-1.15265322E+00
+14.45000E-03,-734.92460E-03
+14.47500E-03,-414.47739E-03
+14.50000E-03,-332.91455E-03
+14.52500E-03,-757.08537E-03
+14.55000E-03,-1.41196225E+00
+14.57500E-03,-1.66482909E+00
+14.60000E-03,-1.33793968E+00
+14.62500E-03,-935.92963E-03
+14.65000E-03,-413.37932E-03
+14.67500E-03,+69.09551E-03
+14.70000E-03,+1.07412064E+00
+14.72500E-03,+1.64209055E+00
+14.75000E-03,+1.59022874E+00
+14.77500E-03,+1.07412064E+00
+14.80000E-03,+79.46994E-03
+14.82500E-03,-533.91957E-03
+14.85000E-03,-1.13693465E+00
+14.87500E-03,-1.33793968E+00
+14.90000E-03,-1.53894471E+00
+14.92500E-03,-935.92963E-03
+14.95000E-03,-533.91957E-03
+14.97500E-03,+270.10053E-03
+15.00000E-03,+471.10556E-03
+15.02500E-03,+471.10556E-03
+15.05000E-03,-131.90952E-03
+15.07500E-03,-375.82419E-03
+15.10000E-03,-131.90952E-03
+15.12500E-03,+1.07412064E+00
+15.15000E-03,+2.88316588E+00
+15.17500E-03,+4.29020107E+00
+15.20000E-03,+4.87782178E+00
+15.22500E-03,+4.08919604E+00
+15.25000E-03,+2.56304287E+00
+15.27500E-03,+1.07412064E+00
+15.30000E-03,+650.27402E-03
+15.32500E-03,+397.40719E-03
+15.35000E-03,+747.55543E-03
+15.37500E-03,+1.47613069E+00
+15.40000E-03,+2.07914577E+00
+15.42500E-03,+1.99900520E+00
+15.45000E-03,+1.67713572E+00
+15.47500E-03,+672.11059E-03
+15.50000E-03,-568.64054E-03
+15.52500E-03,-1.85437198E+00
+15.55000E-03,-2.34296481E+00
+15.57500E-03,-2.54396984E+00
+15.60000E-03,-2.30180164E+00
+15.62500E-03,-1.73994973E+00
+15.65000E-03,-734.92460E-03
+15.67500E-03,+69.09551E-03
+15.70000E-03,+672.11059E-03
+15.72500E-03,+873.11561E-03
+15.75000E-03,+873.11561E-03
+15.77500E-03,+471.10556E-03
+15.80000E-03,-131.90952E-03
+15.82500E-03,-840.83398E-03
+15.85000E-03,-1.38117352E+00
+15.87500E-03,-1.94095476E+00
+15.90000E-03,-1.94095476E+00
+15.92500E-03,-2.14195979E+00
+15.95000E-03,-1.97774640E+00
+15.97500E-03,-2.32789465E+00
+16.00000E-03,-2.07502781E+00
+16.02500E-03,-2.14195979E+00
+16.05000E-03,-2.14195979E+00
+16.07500E-03,-2.14195979E+00
+16.10000E-03,-1.73994973E+00
+16.12500E-03,-1.41370873E+00
+16.15000E-03,-1.33793968E+00
+16.17500E-03,-2.77292943E+00
+16.20000E-03,-5.15703519E+00
+16.22500E-03,-8.57412064E+00
+16.25000E-03,-12.39321615E+00
+16.27500E-03,-15.04067826E+00
+16.30000E-03,-17.30359536E+00
+16.32500E-03,-18.62437198E+00
+16.35000E-03,-18.22236192E+00
+16.37500E-03,-16.61432171E+00
+16.40000E-03,-14.10956061E+00
+16.42500E-03,-10.64061335E+00
+16.45000E-03,-7.17166609E+00
+16.47500E-03,-3.54899497E+00
+16.50000E-03,-434.77660E-03
+16.52500E-03,+1.62713548E+00
+16.55000E-03,+1.47613069E+00
+16.57500E-03,+69.09551E-03
+16.60000E-03,-2.14195979E+00
+16.62500E-03,-4.55402011E+00
+16.65000E-03,-6.15375656E+00
+16.67500E-03,-6.36306535E+00
+16.70000E-03,-5.84902792E+00
+16.72500E-03,-4.39013092E+00
+16.75000E-03,-2.54396984E+00
+16.77500E-03,-533.91957E-03
+16.80000E-03,+1.59460027E+00
+16.82500E-03,+3.31584958E+00
+16.85000E-03,+4.69221112E+00
+16.87500E-03,+4.69221112E+00
+16.90000E-03,+4.08919604E+00
+16.92500E-03,+2.88316588E+00
+16.95000E-03,+1.67713572E+00
+16.97500E-03,+873.11561E-03
+17.00000E-03,+540.75661E-03
+17.02500E-03,+453.31632E-03
+17.05000E-03,+672.11059E-03
+17.07500E-03,+873.11561E-03
+17.10000E-03,+1.07412064E+00
+17.12500E-03,+1.07412064E+00
+17.15000E-03,+1.27512567E+00
+17.17500E-03,+1.07412064E+00
+17.20000E-03,+728.87723E-03
+17.22500E-03,+265.19570E-03
+17.25000E-03,-379.87151E-03
+17.27500E-03,-1.03474840E+00
+17.30000E-03,-1.38826412E+00
+17.32500E-03,-1.73994973E+00
+17.35000E-03,-1.68655056E+00
+17.37500E-03,-1.13693465E+00
+17.40000E-03,-332.91455E-03
+17.42500E-03,+471.10556E-03
+17.45000E-03,+1.01427927E+00
+17.47500E-03,+1.07412064E+00
+17.50000E-03,+1.07412064E+00
+17.52500E-03,+657.68882E-03
+17.55000E-03,-131.90952E-03
+17.57500E-03,-616.77922E-03
+17.60000E-03,-734.92460E-03
+17.62500E-03,-533.91957E-03
+17.65000E-03,+69.09551E-03
+17.67500E-03,+873.11561E-03
+17.70000E-03,+1.67713572E+00
+17.72500E-03,+2.28015080E+00
+17.75000E-03,+2.28015080E+00
+17.77500E-03,+1.94811600E+00
+17.80000E-03,+1.07412064E+00
+17.82500E-03,+906.86398E-03
+17.85000E-03,+471.10556E-03
+17.87500E-03,+270.10053E-03
+17.90000E-03,+57.42427E-03
+17.92500E-03,+28.90494E-03
+17.95000E-03,-332.91455E-03
+17.97500E-03,-275.82370E-03
+18.00000E-03,-126.68048E-03
+18.02500E-03,+115.72827E-03
+18.05000E-03,+171.60596E-03
+18.07500E-03,+621.46194E-03
+18.10000E-03,+1.07290748E+00
+18.12500E-03,+1.73021069E+00
+18.15000E-03,+2.48115583E+00
+18.17500E-03,+3.12837735E+00
+18.20000E-03,+3.89584638E+00
+18.22500E-03,+4.08919604E+00
+18.25000E-03,+3.88819101E+00
+18.27500E-03,+2.84540164E+00
+18.30000E-03,+1.66303816E+00
+18.32500E-03,+270.10053E-03
+18.35000E-03,-734.92460E-03
+18.37500E-03,-1.50762266E+00
+18.40000E-03,-1.53894471E+00
+18.42500E-03,-1.33793968E+00
+18.45000E-03,-935.92963E-03
+18.47500E-03,-332.91455E-03
+18.50000E-03,-104.92756E-03
+18.52500E-03,+392.26179E-03
+18.55000E-03,+471.10556E-03
+18.57500E-03,+672.11059E-03
+18.60000E-03,+504.52972E-03
+18.62500E-03,+672.11059E-03
+18.65000E-03,+809.25837E-03
+18.67500E-03,+672.11059E-03
+18.70000E-03,+270.10053E-03
+18.72500E-03,+160.82368E-03
+18.75000E-03,+69.09551E-03
+18.77500E-03,+270.10053E-03
+18.80000E-03,+471.10556E-03
+18.82500E-03,+569.27593E-03
+18.85000E-03,+873.11561E-03
+18.87500E-03,+672.99955E-03
+18.90000E-03,+873.11561E-03
+18.92500E-03,+672.11059E-03
+18.95000E-03,+471.10556E-03
+18.97500E-03,+277.43169E-03
+19.00000E-03,+411.91259E-03
+19.02500E-03,+381.15531E-03
+19.05000E-03,+471.10556E-03
+19.07500E-03,+672.11059E-03
+19.10000E-03,+672.11059E-03
+19.12500E-03,+755.61864E-03
+19.15000E-03,+873.11561E-03
+19.17500E-03,+873.11561E-03
+19.20000E-03,+1.07412064E+00
+19.22500E-03,+672.11059E-03
+19.25000E-03,+270.10053E-03
+19.27500E-03,-909.27186E-03
+19.30000E-03,-1.53894471E+00
+19.32500E-03,-2.27234116E+00
+19.35000E-03,-2.14195979E+00
+19.37500E-03,-1.73994973E+00
+19.40000E-03,-1.33793968E+00
+19.42500E-03,-1.00011108E+00
+19.45000E-03,-533.91957E-03
+19.47500E-03,-171.45168E-03
+19.50000E-03,+270.10053E-03
+19.52500E-03,+672.11059E-03
+19.55000E-03,+677.98803E-03
+19.57500E-03,+672.11059E-03
+19.60000E-03,+775.26944E-03
+19.62500E-03,+672.11059E-03
+19.65000E-03,+672.11059E-03
+19.67500E-03,+873.11561E-03
+19.70000E-03,+969.83227E-03
+19.72500E-03,+1.31998052E+00
+19.75000E-03,+1.47613069E+00
+19.77500E-03,+1.87814075E+00
+19.80000E-03,+1.87814075E+00
+19.82500E-03,+1.91655339E+00
+19.85000E-03,+1.67713572E+00
+19.87500E-03,+1.61182475E+00
+19.90000E-03,+1.35895792E+00
+19.92500E-03,+1.30709611E+00
+19.95000E-03,+1.27512567E+00
+19.97500E-03,+1.40437753E+00
+20.00000E-03,+1.27512567E+00
+20.02500E-03,+1.45060245E+00
+20.05000E-03,+1.47613069E+00
+20.07500E-03,+1.39793533E+00
+20.10000E-03,+1.20417782E+00
+20.12500E-03,+873.11561E-03
+20.15000E-03,+471.10556E-03
+20.17500E-03,-15.54206E-03
+20.20000E-03,-131.90952E-03
+20.22500E-03,+81.73935E-03
+20.25000E-03,+270.10053E-03
+20.27500E-03,+672.11059E-03
+20.30000E-03,+873.11561E-03
+20.32500E-03,+873.11561E-03
+20.35000E-03,+672.11059E-03
+20.37500E-03,+270.10053E-03
+20.40000E-03,+17.47426E-03
+20.42500E-03,-332.91455E-03
+20.45000E-03,-332.91455E-03
+20.47500E-03,-27.94535E-03
+20.50000E-03,+270.10053E-03
+20.52500E-03,+471.10556E-03
+20.55000E-03,+471.10556E-03
+20.57500E-03,+360.69919E-03
+20.60000E-03,-93.17267E-03
+20.62500E-03,-332.91455E-03
+20.65000E-03,-598.90634E-03
+20.67500E-03,-533.91957E-03
+20.70000E-03,-533.91957E-03
+20.72500E-03,-131.90952E-03
+20.75000E-03,+270.10053E-03
+20.77500E-03,+594.39633E-03
+20.80000E-03,+873.11561E-03
+20.82500E-03,+1.27512567E+00
+20.85000E-03,+1.55400186E+00
+20.87500E-03,+1.80686869E+00
+20.90000E-03,+1.87814075E+00
+20.92500E-03,+1.87814075E+00
+20.95000E-03,+1.67713572E+00
+20.97500E-03,+1.07412064E+00
+21.00000E-03,+672.11059E-03
+21.02500E-03,+107.98927E-03
+21.05000E-03,-222.66509E-03
+21.07500E-03,-73.52187E-03
+21.10000E-03,+69.09551E-03
+21.12500E-03,+471.10556E-03
+21.15000E-03,+769.30836E-03
+21.17500E-03,+1.02217519E+00
+21.20000E-03,+1.27504202E+00
+21.22500E-03,+1.27512567E+00
+21.25000E-03,+1.27512567E+00
+21.27500E-03,+1.11962389E+00
+21.30000E-03,+879.47417E-03
+21.32500E-03,+730.33095E-03
+21.35000E-03,+581.18773E-03
+21.37500E-03,+309.16158E-03
+21.40000E-03,+282.90129E-03
+21.42500E-03,+471.10556E-03
+21.45000E-03,+471.10556E-03
+21.47500E-03,+672.11059E-03
+21.50000E-03,+1.05487768E+00
+21.52500E-03,+1.07412064E+00
+21.55000E-03,+1.07412064E+00
+21.57500E-03,+1.07412064E+00
+21.60000E-03,+672.11059E-03
+21.62500E-03,+548.65253E-03
+21.65000E-03,+542.70181E-03
+21.67500E-03,+471.10556E-03
+21.70000E-03,+471.10556E-03
+21.72500E-03,+471.10556E-03
+21.75000E-03,+270.10053E-03
+21.77500E-03,+69.09551E-03
+21.80000E-03,+231.53097E-03
+21.82500E-03,-41.47815E-03
+21.85000E-03,-131.90952E-03
+21.87500E-03,+69.09551E-03
+21.90000E-03,+225.08877E-03
+21.92500E-03,+270.10053E-03
+21.95000E-03,+418.83591E-03
+21.97500E-03,+270.10053E-03
+22.00000E-03,+471.10556E-03
+22.02500E-03,+166.78477E-03
+22.05000E-03,+69.09551E-03
+22.07500E-03,-131.90952E-03
+22.10000E-03,-275.01838E-03
+22.12500E-03,-131.90952E-03
+22.15000E-03,+69.09551E-03
+22.17500E-03,+270.10053E-03
+22.20000E-03,+672.11059E-03
+22.22500E-03,+873.11561E-03
+22.25000E-03,+1.10706369E+00
+22.27500E-03,+1.47613069E+00
+22.30000E-03,+1.47613069E+00
+22.32500E-03,+1.39776804E+00
+22.35000E-03,+1.04761979E+00
+22.37500E-03,+496.46652E-03
+22.40000E-03,+69.09551E-03
+22.42500E-03,-533.91957E-03
+22.45000E-03,-734.92460E-03
+22.47500E-03,-734.92460E-03
+22.50000E-03,-332.91455E-03
+22.52500E-03,-131.90952E-03
+22.55000E-03,+270.10053E-03
+22.57500E-03,+471.10556E-03
+22.60000E-03,+672.11059E-03
+22.62500E-03,+613.07453E-03
+22.65000E-03,+478.27981E-03
+22.67500E-03,+314.78809E-03
+22.70000E-03,+165.64487E-03
+22.72500E-03,+270.10053E-03
+22.75000E-03,+270.10053E-03
+22.77500E-03,+471.10556E-03
+22.80000E-03,+775.10216E-03
+22.82500E-03,+1.12027229E+00
+22.85000E-03,+1.48184085E+00
+22.87500E-03,+1.61956376E+00
+22.90000E-03,+1.67713572E+00
+22.92500E-03,+1.47613069E+00
+22.95000E-03,+1.07412064E+00
+22.97500E-03,+672.11059E-03
+23.00000E-03,+239.35362E-03
+23.02500E-03,+35.82826E-03
+23.05000E-03,-131.90952E-03
+23.07500E-03,-131.90952E-03
+23.10000E-03,-131.90952E-03
+23.12500E-03,+69.09551E-03
+23.15000E-03,+270.10053E-03
+23.17500E-03,+270.10053E-03
+23.20000E-03,+398.86090E-03
+23.22500E-03,+471.10556E-03
+23.25000E-03,+672.11059E-03
+23.27500E-03,+554.44633E-03
+23.30000E-03,+737.91304E-03
+23.32500E-03,+672.11059E-03
+23.35000E-03,+873.11561E-03
+23.37500E-03,+873.11561E-03
+23.40000E-03,+813.75536E-03
+23.42500E-03,+664.61214E-03
+23.45000E-03,+426.74220E-03
+23.47500E-03,+270.10053E-03
+23.50000E-03,+270.10053E-03
+23.52500E-03,+270.10053E-03
+23.55000E-03,+420.30000E-03
+23.57500E-03,+372.76790E-03
+23.60000E-03,+471.10556E-03
+23.62500E-03,+275.48649E-03
+23.65000E-03,+327.34829E-03
+23.67500E-03,+361.99599E-03
+23.70000E-03,+310.13419E-03
+23.72500E-03,+459.27741E-03
+23.75000E-03,+471.10556E-03
+23.77500E-03,+586.65733E-03
+23.80000E-03,+672.11059E-03
+23.82500E-03,+672.11059E-03
+23.85000E-03,+873.11561E-03
+23.87500E-03,+794.10456E-03
+23.90000E-03,+873.11561E-03
+23.92500E-03,+873.11561E-03
+23.95000E-03,+796.54125E-03
+23.97500E-03,+672.11059E-03
+24.00000E-03,+672.11059E-03
+24.02500E-03,+672.11059E-03
+24.05000E-03,+672.11059E-03
+24.07500E-03,+672.11059E-03
+24.10000E-03,+672.11059E-03
+24.12500E-03,+672.11059E-03
+24.15000E-03,+672.11059E-03
+24.17500E-03,+612.42613E-03
+24.20000E-03,+672.11059E-03
+24.22500E-03,+672.11059E-03
+24.25000E-03,+672.11059E-03
+24.27500E-03,+672.11059E-03
+24.30000E-03,+672.11059E-03
+24.32500E-03,+672.11059E-03
+24.35000E-03,+672.11059E-03
+24.37500E-03,+517.90562E-03
+24.40000E-03,+667.04883E-03
+24.42500E-03,+528.02912E-03
+24.45000E-03,+563.32522E-03
+24.47500E-03,+631.75273E-03
+24.50000E-03,+660.60663E-03
+24.52500E-03,+471.10556E-03
+24.55000E-03,+471.10556E-03
+24.57500E-03,+471.10556E-03
+24.60000E-03,+471.10556E-03
+24.62500E-03,+471.10556E-03
+24.65000E-03,+471.10556E-03
+24.67500E-03,+471.10556E-03
+24.70000E-03,+471.10556E-03
+24.72500E-03,+471.10556E-03
+24.75000E-03,+471.10556E-03
+24.77500E-03,+471.10556E-03
+24.80000E-03,+471.10556E-03
+24.82500E-03,+352.79290E-03
+24.85000E-03,+471.10556E-03
+24.87500E-03,+284.68958E-03
+24.90000E-03,+471.10556E-03
+24.92500E-03,+471.10556E-03
+24.95000E-03,+531.11422E-03
+24.97500E-03,+672.11059E-03
+25.00000E-03,+672.11059E-03
+25.02500E-03,+767.68735E-03
+25.05000E-03,+672.11059E-03
+25.07500E-03,+673.81524E-03
+25.10000E-03,+621.95343E-03
+25.12500E-03,+672.11059E-03
+25.15000E-03,+471.10556E-03
+25.17500E-03,+471.10556E-03
+25.20000E-03,+326.69989E-03
+25.22500E-03,+378.56170E-03
+25.25000E-03,+310.78259E-03
+25.27500E-03,+270.10053E-03
+25.30000E-03,+471.10556E-03
+25.32500E-03,+557.20722E-03
+25.35000E-03,+672.11059E-03
+25.37500E-03,+471.10556E-03
+25.40000E-03,+471.10556E-03
+25.42500E-03,+471.10556E-03
+25.45000E-03,+270.10053E-03
+25.47500E-03,+270.10053E-03
+25.50000E-03,+69.09551E-03
+25.52500E-03,+142.31277E-03
+25.55000E-03,+69.09551E-03
+25.57500E-03,+69.09551E-03
+25.60000E-03,+187.73237E-03
+25.62500E-03,+270.10053E-03
+25.65000E-03,+255.18728E-03
+25.67500E-03,+307.04909E-03
+25.70000E-03,+270.10053E-03
+25.72500E-03,+270.10053E-03
+25.75000E-03,+270.10053E-03
+25.77500E-03,+226.70978E-03
+25.80000E-03,+270.10053E-03
+25.82500E-03,+270.10053E-03
+25.85000E-03,+272.12938E-03
+25.87500E-03,+319.93349E-03
+25.90000E-03,+471.10556E-03
+25.92500E-03,+672.11059E-03
+25.95000E-03,+672.11059E-03
+25.97500E-03,+672.11059E-03
+26.00000E-03,+579.24252E-03
+26.02500E-03,+832.10936E-03
+26.05000E-03,+883.97116E-03
+26.07500E-03,+1.07412064E+00
+26.10000E-03,+1.07412064E+00
+26.12500E-03,+873.11561E-03
+26.15000E-03,+873.11561E-03
+26.17500E-03,+540.26512E-03
+26.20000E-03,+350.08420E-03
+26.22500E-03,+471.10556E-03
+26.25000E-03,+447.36561E-03
+26.27500E-03,+672.11059E-03
+26.30000E-03,+873.11561E-03
+26.32500E-03,+894.79527E-03
+26.35000E-03,+873.11561E-03
+26.37500E-03,+873.11561E-03
+26.40000E-03,+739.20985E-03
+26.42500E-03,+857.87816E-03
+26.45000E-03,+836.49126E-03
+26.47500E-03,+672.11059E-03
+26.50000E-03,+672.11059E-03
+26.52500E-03,+672.11059E-03
+26.55000E-03,+715.17714E-03
+26.57500E-03,+767.03895E-03
+26.60000E-03,+726.32545E-03
+26.62500E-03,+672.11059E-03
+26.65000E-03,+672.11059E-03
+26.67500E-03,+471.10556E-03
+26.70000E-03,+471.10556E-03
+26.72500E-03,+471.10556E-03
+26.75000E-03,+527.05652E-03
+26.77500E-03,+578.91832E-03
+26.80000E-03,+471.10556E-03
+26.82500E-03,+460.57421E-03
+26.85000E-03,+207.70738E-03
+26.87500E-03,+155.84557E-03
+26.90000E-03,+69.09551E-03
+26.92500E-03,+253.12698E-03
+26.95000E-03,+270.10053E-03
+26.97500E-03,+390.79770E-03
+27.00000E-03,+471.10556E-03
+27.02500E-03,+471.10556E-03
+27.05000E-03,+270.10053E-03
+27.07500E-03,+142.96117E-03
+27.10000E-03,+69.09551E-03
+27.12500E-03,+69.09551E-03
+27.15000E-03,+188.38078E-03
+27.17500E-03,+270.10053E-03
+27.20000E-03,+254.53888E-03
+27.22500E-03,+434.80541E-03
+27.25000E-03,+270.10053E-03
+27.27500E-03,+270.10053E-03
+27.30000E-03,+69.09551E-03
+27.32500E-03,+227.35818E-03
+27.35000E-03,+270.10053E-03
+27.37500E-03,+270.10053E-03
+27.40000E-03,+471.10556E-03
+27.42500E-03,+622.92603E-03
+27.45000E-03,+672.11059E-03
+27.47500E-03,+624.01373E-03
+27.50000E-03,+672.11059E-03
+27.52500E-03,+672.11059E-03
+27.55000E-03,+672.11059E-03
+27.57500E-03,+672.11059E-03
+27.60000E-03,+661.90344E-03
+27.62500E-03,+471.10556E-03
+27.65000E-03,+672.11059E-03
+27.67500E-03,+471.10556E-03
+27.70000E-03,+471.10556E-03
+27.72500E-03,+471.10556E-03
+27.75000E-03,+350.73260E-03
+27.77500E-03,+471.10556E-03
+27.80000E-03,+471.10556E-03
+27.82500E-03,+396.15220E-03
+27.85000E-03,+471.10556E-03
+27.87500E-03,+471.10556E-03
+27.90000E-03,+471.10556E-03
+27.92500E-03,+389.71000E-03
+27.95000E-03,+337.84820E-03
+27.97500E-03,+270.10053E-03
+28.00000E-03,+270.10053E-03
+28.02500E-03,+270.10053E-03
+28.05000E-03,+270.10053E-03
+28.07500E-03,+279.54419E-03
+28.10000E-03,+270.10053E-03
+28.12500E-03,+376.82560E-03
+28.15000E-03,+270.10053E-03
+28.17500E-03,+270.10053E-03
+28.20000E-03,+270.10053E-03
+28.22500E-03,+169.37837E-03
+28.25000E-03,+270.10053E-03
+28.27500E-03,+266.65979E-03
+28.30000E-03,+124.39806E-03
+28.32500E-03,+162.93617E-03
+28.35000E-03,+69.09551E-03
+28.37500E-03,+69.09551E-03
+28.40000E-03,+130.84026E-03
+28.42500E-03,+69.09551E-03
+28.45000E-03,+69.09551E-03
+28.47500E-03,+69.09551E-03
+28.50000E-03,+201.91358E-03
+28.52500E-03,+270.10053E-03
+28.55000E-03,+270.10053E-03
+28.57500E-03,+292.86788E-03
+28.60000E-03,+396.47640E-03
+28.62500E-03,+270.10053E-03
+28.65000E-03,+270.10053E-03
+28.67500E-03,+270.10053E-03
+28.70000E-03,+390.03420E-03
+28.72500E-03,+471.10556E-03
+28.75000E-03,+471.10556E-03
+28.77500E-03,+471.10556E-03
+28.80000E-03,+471.10556E-03
+28.82500E-03,+471.10556E-03
+28.85000E-03,+471.10556E-03
+28.87500E-03,+429.01161E-03
+28.90000E-03,+471.10556E-03
+28.92500E-03,+325.28800E-03
+28.95000E-03,+471.10556E-03
+28.97500E-03,+471.10556E-03
+29.00000E-03,+571.71263E-03
+29.02500E-03,+471.10556E-03
+29.05000E-03,+672.11059E-03
+29.07500E-03,+617.13223E-03
+29.10000E-03,+577.94572E-03
+29.12500E-03,+513.40862E-03
+29.15000E-03,+471.10556E-03
+29.17500E-03,+610.69003E-03
+29.20000E-03,+584.38792E-03
+29.22500E-03,+471.10556E-03
+29.25000E-03,+471.10556E-03
+29.27500E-03,+471.10556E-03
+29.30000E-03,+471.10556E-03
+29.32500E-03,+299.51919E-03
+29.35000E-03,+270.10053E-03
+29.37500E-03,+270.10053E-03
+29.40000E-03,+396.26730E-03
+29.42500E-03,+270.10053E-03
+29.45000E-03,+298.98588E-03
+29.47500E-03,+270.10053E-03
+29.50000E-03,+201.70447E-03
+29.52500E-03,+270.10053E-03
+29.55000E-03,+234.77298E-03
+29.57500E-03,+69.09551E-03
+29.60000E-03,+131.04937E-03
+29.62500E-03,+69.09551E-03
+29.65000E-03,+270.10053E-03
+29.67500E-03,+176.46898E-03
+29.70000E-03,+69.09551E-03
+29.72500E-03,+72.74536E-03
+29.75000E-03,+221.88858E-03
+29.77500E-03,+69.09551E-03
+29.80000E-03,+270.10053E-03
+29.82500E-03,+270.10053E-03
+29.85000E-03,+270.10053E-03
+29.87500E-03,+270.10053E-03
+29.90000E-03,+270.10053E-03
+29.92500E-03,+270.10053E-03
+29.95000E-03,+270.10053E-03
+29.97500E-03,+270.10053E-03
+30.00000E-03,+270.10053E-03
+30.02500E-03,+270.10053E-03
+30.05000E-03,+270.10053E-03
+30.07500E-03,+270.10053E-03
+30.10000E-03,+270.10053E-03
+30.12500E-03,+448.98661E-03
+30.15000E-03,+344.08129E-03
+30.17500E-03,+395.94309E-03
+30.20000E-03,+447.80490E-03
+30.22500E-03,+471.10556E-03
+30.25000E-03,+471.10556E-03
+30.27500E-03,+471.10556E-03
+30.30000E-03,+471.10556E-03
+30.32500E-03,+471.10556E-03
+30.35000E-03,+384.24041E-03
+30.37500E-03,+471.10556E-03
+30.40000E-03,+460.68930E-03
+30.42500E-03,+270.10053E-03
+30.45000E-03,+471.10556E-03
+30.47500E-03,+471.10556E-03
+30.50000E-03,+274.07459E-03
+30.52500E-03,+423.21781E-03
+30.55000E-03,+471.10556E-03
+30.57500E-03,+319.49420E-03
+30.60000E-03,+471.10556E-03
+30.62500E-03,+270.10053E-03
+30.65000E-03,+270.10053E-03
+30.67500E-03,+313.05200E-03
+30.70000E-03,+279.01088E-03
+30.72500E-03,+129.86766E-03
+30.75000E-03,+181.72947E-03
+30.77500E-03,+270.10053E-03
+30.80000E-03,+270.10053E-03
+30.82500E-03,+270.10053E-03
+30.85000E-03,+188.17167E-03
+30.87500E-03,+69.09551E-03
+30.90000E-03,+270.10053E-03
+30.92500E-03,+270.10053E-03
+30.95000E-03,+194.61387E-03
+30.97500E-03,+92.72037E-03
+31.00000E-03,+270.10053E-03
+31.02500E-03,+270.10053E-03
+31.05000E-03,+138.13997E-03
+31.07500E-03,+69.09551E-03
+31.10000E-03,+270.10053E-03
+31.12500E-03,+69.09551E-03
+31.15000E-03,+270.10053E-03
+31.17500E-03,+270.10053E-03
+31.20000E-03,+471.10556E-03
+31.22500E-03,+378.12241E-03
+31.25000E-03,+270.10053E-03
+31.27500E-03,+274.39879E-03
+31.30000E-03,+317.66408E-03
+31.32500E-03,+369.52589E-03
+31.35000E-03,+421.38770E-03
+31.37500E-03,+471.10556E-03
+31.40000E-03,+324.10628E-03
+31.42500E-03,+365.23800E-03
+31.45000E-03,+270.10053E-03
+31.47500E-03,+471.10556E-03
+31.50000E-03,+471.10556E-03
+31.52500E-03,+270.10053E-03
+31.55000E-03,+471.10556E-03
+31.57500E-03,+471.10556E-03
+31.60000E-03,+471.10556E-03
+31.62500E-03,+471.10556E-03
+31.65000E-03,+440.71430E-03
+31.67500E-03,+270.10053E-03
+31.70000E-03,+397.77321E-03
+31.72500E-03,+395.29469E-03
+31.75000E-03,+447.15650E-03
+31.77500E-03,+270.10053E-03
+31.80000E-03,+270.10053E-03
+31.82500E-03,+270.10053E-03
+31.85000E-03,+453.59870E-03
+31.87500E-03,+436.75061E-03
+31.90000E-03,+356.31729E-03
+31.92500E-03,+333.02700E-03
+31.95000E-03,+471.10556E-03
+31.97500E-03,+430.30841E-03
+32.00000E-03,+270.10053E-03
+32.02500E-03,+326.58480E-03
+32.05000E-03,+270.10053E-03
+32.07500E-03,+270.10053E-03
+32.10000E-03,+170.99938E-03
+32.12500E-03,+270.10053E-03
+32.15000E-03,+469.28582E-03
+32.17500E-03,+122.77706E-03
+32.20000E-03,+270.10053E-03
+32.22500E-03,+112.69537E-03
+32.25000E-03,+270.10053E-03
+32.27500E-03,+270.10053E-03
+32.30000E-03,+181.08106E-03
+32.32500E-03,+270.10053E-03
+32.35000E-03,+255.39639E-03
+32.37500E-03,+270.10053E-03
+32.40000E-03,+151.67278E-03
+32.42500E-03,+270.10053E-03
+32.45000E-03,+291.24688E-03
+32.47500E-03,+270.10053E-03
+32.50000E-03,+270.10053E-03
+32.52500E-03,+270.10053E-03
+32.55000E-03,+443.51702E-03
+32.57500E-03,+270.10053E-03
+32.60000E-03,+471.10556E-03
+32.62500E-03,+672.11059E-03
+32.65000E-03,+638.07984E-03
+32.67500E-03,+471.10556E-03
+32.70000E-03,+471.10556E-03
+32.72500E-03,+471.10556E-03
+32.75000E-03,+471.10556E-03
+32.77500E-03,+270.10053E-03
+32.80000E-03,+270.10053E-03
+32.82500E-03,+74.04217E-03
+32.85000E-03,+270.10053E-03
+32.87500E-03,+270.10053E-03
+32.90000E-03,+270.10053E-03
+32.92500E-03,+270.10053E-03
+32.95000E-03,+270.10053E-03
+32.97500E-03,+375.31969E-03
+33.00000E-03,+427.18149E-03
+33.02500E-03,+278.03827E-03
+33.05000E-03,+411.30601E-03
+33.07500E-03,+471.10556E-03
+33.10000E-03,+471.10556E-03
+33.12500E-03,+471.10556E-03
+33.15000E-03,+471.10556E-03
+33.17500E-03,+353.00201E-03
+33.20000E-03,+440.06590E-03
+33.22500E-03,+450.28342E-03
+33.25000E-03,+342.78448E-03
+33.27500E-03,+270.10053E-03
+33.30000E-03,+245.50307E-03
+33.32500E-03,+69.09551E-03
+33.35000E-03,+69.09551E-03
+33.37500E-03,-61.89245E-03
+33.40000E-03,-131.90952E-03
+33.42500E-03,-299.20800E-03
+33.45000E-03,-46.34117E-03
+33.47500E-03,-131.90952E-03
+33.50000E-03,+69.09551E-03
+33.52500E-03,+69.09551E-03
+33.55000E-03,+161.10606E-03
+33.57500E-03,+126.22818E-03
+33.60000E-03,+270.10053E-03
+33.62500E-03,+270.10053E-03
+33.65000E-03,+270.10053E-03
+33.67500E-03,+270.10053E-03
+33.70000E-03,+71.43818E-03
+33.72500E-03,+122.12865E-03
+33.75000E-03,+165.20558E-03
+33.77500E-03,+270.10053E-03
+33.80000E-03,+69.09551E-03
+33.82500E-03,+69.09551E-03
+33.85000E-03,+69.09551E-03
+33.87500E-03,+69.09551E-03
+33.90000E-03,+69.09551E-03
+33.92500E-03,+204.18299E-03
+33.95000E-03,+270.10053E-03
+33.97500E-03,+301.46440E-03
+34.00000E-03,+651.61265E-03
+34.02500E-03,+672.11059E-03
+34.05000E-03,+672.11059E-03
+34.07500E-03,+496.02723E-03
+34.10000E-03,+672.11059E-03
+34.12500E-03,+593.30864E-03
+34.15000E-03,+601.76932E-03
+34.17500E-03,+471.10556E-03
+34.20000E-03,+471.10556E-03
+34.22500E-03,+385.86141E-03
+34.25000E-03,+270.10053E-03
+34.27500E-03,+81.13277E-03
+34.30000E-03,+230.27599E-03
+34.32500E-03,+69.09551E-03
+34.35000E-03,+69.09551E-03
+34.37500E-03,+264.50547E-03
+34.40000E-03,+270.10053E-03
+34.42500E-03,+270.10053E-03
+34.45000E-03,+471.10556E-03
+34.47500E-03,+671.26345E-03
+34.50000E-03,+672.11059E-03
+34.52500E-03,+575.67631E-03
+34.55000E-03,+627.53812E-03
+34.57500E-03,+664.82125E-03
+34.60000E-03,+329.25168E-03
+34.62500E-03,+270.10053E-03
+34.65000E-03,+107.22578E-03
+34.67500E-03,+256.36899E-03
+34.70000E-03,+270.10053E-03
+34.72500E-03,+270.10053E-03
+34.75000E-03,+270.10053E-03
+34.77500E-03,+270.10053E-03
+34.80000E-03,+270.10053E-03
+34.82500E-03,+393.99789E-03
+34.85000E-03,+270.10053E-03
+34.87500E-03,+270.10053E-03
+34.90000E-03,+191.62279E-03
+34.92500E-03,+199.43506E-03
+34.95000E-03,+270.10053E-03
+34.97500E-03,+69.09551E-03
+35.00000E-03,+69.09551E-03
+35.02500E-03,+69.09551E-03
+35.05000E-03,+56.73404E-03
+35.07500E-03,+69.09551E-03
+35.10000E-03,+178.73839E-03
+35.12500E-03,+69.09551E-03
+35.15000E-03,+63.17624E-03
+35.17500E-03,+69.09551E-03
+35.20000E-03,+69.09551E-03
+35.22500E-03,+69.09551E-03
+35.25000E-03,+69.09551E-03
+35.27500E-03,+69.09551E-03
+35.30000E-03,+69.09551E-03
+35.32500E-03,+69.09551E-03
+35.35000E-03,+69.09551E-03
+35.37500E-03,+270.10053E-03
+35.40000E-03,+270.10053E-03
+35.42500E-03,+69.09551E-03
+35.45000E-03,+256.69320E-03
+35.47500E-03,+204.83139E-03
+35.50000E-03,+270.10053E-03
+35.52500E-03,+270.10053E-03
+35.55000E-03,+88.94505E-03
+35.57500E-03,+270.10053E-03
+35.60000E-03,+393.67369E-03
+35.62500E-03,+295.67060E-03
+35.65000E-03,+645.81885E-03
+35.67500E-03,+672.11059E-03
+35.70000E-03,+672.11059E-03
+35.72500E-03,+672.11059E-03
+35.75000E-03,+503.83950E-03
+35.77500E-03,+471.10556E-03
+35.80000E-03,+406.55809E-03
+35.82500E-03,+69.09551E-03
+35.85000E-03,+29.91937E-03
+35.87500E-03,-150.83865E-03
+35.90000E-03,-73.80425E-03
+35.92500E-03,+69.09551E-03
+35.95000E-03,+69.09551E-03
+35.97500E-03,+270.10053E-03
+36.00000E-03,+270.10053E-03
+36.02500E-03,+471.30430E-03
+36.05000E-03,+672.11059E-03
+36.07500E-03,+575.02791E-03
+36.10000E-03,+672.11059E-03
+36.12500E-03,+471.10556E-03
+36.15000E-03,+328.60328E-03
+36.17500E-03,+270.10053E-03
+36.20000E-03,+270.10053E-03
+36.22500E-03,-118.82638E-03
+36.25000E-03,-131.90952E-03
+36.27500E-03,-332.91455E-03
+36.30000E-03,-332.91455E-03
+36.32500E-03,-313.38921E-03
+36.35000E-03,-203.29666E-03
+36.37500E-03,-8.66057E-03
+36.40000E-03,+69.09551E-03
+36.42500E-03,+244.13300E-03
+36.45000E-03,+270.10053E-03
+36.47500E-03,+270.10053E-03
+36.50000E-03,+270.10053E-03
+36.52500E-03,+302.51027E-03
+36.55000E-03,+270.10053E-03
+36.57500E-03,+270.10053E-03
+36.60000E-03,+270.10053E-03
+36.62500E-03,+270.10053E-03
+36.65000E-03,+270.10053E-03
+36.67500E-03,+270.10053E-03
+36.70000E-03,+270.10053E-03
+36.72500E-03,+69.09551E-03
+36.75000E-03,-131.90952E-03
+36.77500E-03,-131.90952E-03
+36.80000E-03,+69.09551E-03
+36.82500E-03,+69.09551E-03
+36.85000E-03,+69.09551E-03
+36.87500E-03,+69.09551E-03
+36.90000E-03,+270.10053E-03
+36.92500E-03,+328.27908E-03
+36.95000E-03,+471.10556E-03
+36.97500E-03,+672.11059E-03
+37.00000E-03,+672.11059E-03
+37.02500E-03,+607.48984E-03
+37.05000E-03,+555.62804E-03
+37.07500E-03,+438.44489E-03
+37.10000E-03,+270.10053E-03
+37.12500E-03,+270.10053E-03
+37.15000E-03,+192.02026E-03
+37.17500E-03,+69.09551E-03
+37.20000E-03,+244.45720E-03
+37.22500E-03,+69.09551E-03
+37.25000E-03,+69.09551E-03
+37.27500E-03,+69.09551E-03
+37.30000E-03,+270.10053E-03
+37.32500E-03,+270.10053E-03
+37.35000E-03,+471.10556E-03
+37.37500E-03,+283.43460E-03
+37.40000E-03,+471.10556E-03
+37.42500E-03,+360.49008E-03
+37.45000E-03,+471.10556E-03
+37.47500E-03,+270.10053E-03
+37.50000E-03,+270.10053E-03
+37.52500E-03,+165.92725E-03
+37.55000E-03,+69.09551E-03
+37.57500E-03,+69.09551E-03
+37.60000E-03,+69.09551E-03
+37.62500E-03,+69.09551E-03
+37.65000E-03,+224.23126E-03
+37.67500E-03,+69.09551E-03
+37.70000E-03,+270.10053E-03
+37.72500E-03,+270.10053E-03
+37.75000E-03,+270.10053E-03
+37.77500E-03,+270.10053E-03
+37.80000E-03,+133.39205E-03
+37.82500E-03,+69.09551E-03
+37.85000E-03,+69.09551E-03
+37.87500E-03,+87.97244E-03
+37.90000E-03,+199.36179E-03
+37.92500E-03,+69.09551E-03
+37.95000E-03,+69.09551E-03
+37.97500E-03,+69.09551E-03
+38.00000E-03,+69.09551E-03
+38.02500E-03,+270.10053E-03
+38.05000E-03,+69.09551E-03
+38.07500E-03,+37.33417E-03
+38.10000E-03,+69.09551E-03
+38.12500E-03,+69.09551E-03
+38.15000E-03,+82.75378E-03
+38.17500E-03,+270.10053E-03
+38.20000E-03,+159.16085E-03
+38.22500E-03,+270.10053E-03
+38.25000E-03,+76.31158E-03
+38.27500E-03,+270.10053E-03
+38.30000E-03,+270.10053E-03
+38.32500E-03,+121.73118E-03
+38.35000E-03,+269.32667E-03
+38.37500E-03,+270.10053E-03
+38.40000E-03,+167.15079E-03
+38.42500E-03,+69.09551E-03
+38.45000E-03,+63.42717E-03
+38.47500E-03,+69.09551E-03
+38.50000E-03,+69.09551E-03
+38.52500E-03,+69.09551E-03
+38.55000E-03,+270.10053E-03
+38.57500E-03,+270.10053E-03
+38.60000E-03,+355.27141E-03
+38.62500E-03,+471.10556E-03
+38.65000E-03,+471.10556E-03
+38.67500E-03,+270.10053E-03
+38.70000E-03,+270.10053E-03
+38.72500E-03,+270.10053E-03
+38.75000E-03,+270.10053E-03
+38.77500E-03,+270.10053E-03
+38.80000E-03,+69.09551E-03
+38.82500E-03,+69.09551E-03
+38.85000E-03,+69.09551E-03
+38.87500E-03,+186.80159E-03
+38.90000E-03,+204.25626E-03
+38.92500E-03,+83.07798E-03
+38.95000E-03,+232.22120E-03
+38.97500E-03,+270.10053E-03
+39.00000E-03,+270.10053E-03
+39.02500E-03,+277.64080E-03
+39.05000E-03,+471.10556E-03
+39.07500E-03,+270.10053E-03
+39.10000E-03,+418.14568E-03
+39.12500E-03,+271.19860E-03
+39.15000E-03,+69.09551E-03
+39.17500E-03,+167.47499E-03
+39.20000E-03,-85.39184E-03
+39.22500E-03,-137.25365E-03
+39.25000E-03,-332.91455E-03
+39.27500E-03,-332.91455E-03
+39.30000E-03,-493.84410E-03
+39.32500E-03,-522.13324E-03
+39.35000E-03,-396.56269E-03
+39.37500E-03,-332.91455E-03
+39.40000E-03,-332.91455E-03
+39.42500E-03,-150.13805E-03
+39.45000E-03,-131.90952E-03
+39.47500E-03,-131.90952E-03
+39.50000E-03,-159.10059E-03
+39.52500E-03,-131.90952E-03
+39.55000E-03,-131.90952E-03
+39.57500E-03,-131.90952E-03
+39.60000E-03,-131.90952E-03
+39.62500E-03,-131.90952E-03
+39.65000E-03,-249.93981E-03
+39.67500E-03,-131.90952E-03
+39.70000E-03,-117.60285E-03
+39.72500E-03,+69.09551E-03
+39.75000E-03,+69.09551E-03
+39.77500E-03,+270.10053E-03
+39.80000E-03,+270.10053E-03
+39.82500E-03,+113.09284E-03
+39.85000E-03,+69.09551E-03
+39.87500E-03,+270.10053E-03
+39.90000E-03,+270.10053E-03
+39.92500E-03,+270.10053E-03
+39.95000E-03,+270.10053E-03
+39.97500E-03,+424.26368E-03
